<?xml version="1.0" encoding="UTF-8"?>
<objects serializationModel="Studio.02.02.00">
	<object class="MixerReturn" id="{4f6f0d62-d9ac-4738-9191-ad23c4d93e03}">
		<property name="overridingInputFormat">
			<value>2</value>
		</property>
		<property name="name">
			<value>Reverb</value>
		</property>
		<relationship name="effectChain">
			<destination>{ce306979-773f-4e7f-a28b-ce396b5f24b6}</destination>
		</relationship>
		<relationship name="panner">
			<destination>{f35d60e9-9709-4f74-8074-73cdecfb52de}</destination>
		</relationship>
		<relationship name="output">
			<destination>{25d3f0fc-7435-4d71-b2c5-7277114da43d}</destination>
		</relationship>
	</object>
	<object class="MixerBusEffectChain" id="{ce306979-773f-4e7f-a28b-ce396b5f24b6}">
		<relationship name="effects">
			<destination>{05dbe6a5-3e1e-40d9-a933-f3b46d14b0dc}</destination>
			<destination>{22210674-a078-4b91-a0f4-b283ce1398dc}</destination>
		</relationship>
	</object>
	<object class="MixerBusPanner" id="{f35d60e9-9709-4f74-8074-73cdecfb52de}" />
	<object class="SFXReverbEffect" id="{05dbe6a5-3e1e-40d9-a933-f3b46d14b0dc}">
		<property name="wetLevel">
			<value>0</value>
		</property>
		<property name="dryLevel">
			<value>-80</value>
		</property>
	</object>
	<object class="MixerBusFader" id="{22210674-a078-4b91-a0f4-b283ce1398dc}" />
</objects>
