<?xml version="1.0" encoding="UTF-8"?>
<objects serializationModel="Studio.02.02.00">
	<object class="AudioFile" id="{0f1ca261-406b-4721-ba56-f164bb8a13bb}">
		<property name="assetPath">
			<value>Pow.wav</value>
		</property>
		<property name="frequencyInKHz">
			<value>48</value>
		</property>
		<property name="channelCount">
			<value>2</value>
		</property>
		<property name="length">
			<value>1.9199999999999999</value>
		</property>
		<relationship name="masterAssetFolder">
			<destination>{24831295-fc56-4c9d-94f5-d9ee5bb2dedf}</destination>
		</relationship>
	</object>
</objects>
