<?xml version="1.0" encoding="UTF-8"?>
<objects serializationModel="Studio.02.02.00">
	<object class="AudioFile" id="{457d3cb4-d5e8-4c37-ac20-c799150cac9a}">
		<property name="assetPath">
			<value>OldSteps/Water Footstep.wav</value>
		</property>
		<property name="frequencyInKHz">
			<value>48</value>
		</property>
		<property name="channelCount">
			<value>2</value>
		</property>
		<property name="length">
			<value>1.3500000000000001</value>
		</property>
		<relationship name="masterAssetFolder">
			<destination>{24831295-fc56-4c9d-94f5-d9ee5bb2dedf}</destination>
		</relationship>
	</object>
</objects>
