<?xml version="1.0" encoding="UTF-8"?>
<objects serializationModel="Studio.02.02.00">
	<object class="AudioFile" id="{f5150729-368a-47fb-879d-1e0c8b99adec}">
		<property name="assetPath">
			<value>OldSteps/Gravel Footstep.wav</value>
		</property>
		<property name="frequencyInKHz">
			<value>48</value>
		</property>
		<property name="channelCount">
			<value>2</value>
		</property>
		<property name="length">
			<value>1.45</value>
		</property>
		<relationship name="masterAssetFolder">
			<destination>{24831295-fc56-4c9d-94f5-d9ee5bb2dedf}</destination>
		</relationship>
	</object>
</objects>
