<?xml version="1.0" encoding="UTF-8"?>
<objects serializationModel="Studio.02.02.00">
	<object class="EncodingSetting" id="{e54add61-9556-425c-aa68-f0465677c383}">
		<property name="encodingFormat">
			<value>3</value>
		</property>
		<property name="quality">
			<value>37</value>
		</property>
		<relationship name="platform">
			<destination>{041c0d29-681a-442e-b2ea-705d7cc5d9b1}</destination>
		</relationship>
		<relationship name="encodable">
			<destination>{041c0d29-681a-442e-b2ea-705d7cc5d9b1}</destination>
		</relationship>
	</object>
</objects>
