<?xml version="1.0" encoding="UTF-8"?>
<objects serializationModel="Studio.02.02.00">
	<object class="ParameterPreset" id="{33ae7f05-f494-441c-bbcc-bc8f8f017bba}">
		<property name="name">
			<value>Distance</value>
		</property>
		<relationship name="folder">
			<destination>{63c8e345-3b2e-4636-a13d-df51fde93529}</destination>
		</relationship>
		<relationship name="parameter">
			<destination>{6b52a591-6012-4d78-9658-a8db435c8d51}</destination>
		</relationship>
	</object>
	<object class="GameParameter" id="{6b52a591-6012-4d78-9658-a8db435c8d51}">
		<property name="parameterType">
			<value>3</value>
		</property>
		<property name="maximum">
			<value>20</value>
		</property>
		<property name="initialValue">
			<value>0</value>
		</property>
		<property name="isExposedRecursively">
			<value>false</value>
		</property>
	</object>
</objects>
