<?xml version="1.0" encoding="UTF-8"?>
<objects serializationModel="Studio.02.02.00">
	<object class="ParameterPreset" id="{7d9bae97-589f-4735-9c44-f3bbdd9a82a4}">
		<property name="name">
			<value>Terrain</value>
		</property>
		<relationship name="folder">
			<destination>{63c8e345-3b2e-4636-a13d-df51fde93529}</destination>
		</relationship>
		<relationship name="parameter">
			<destination>{2fc60092-6edb-4495-a7ac-a944a2b2ed92}</destination>
		</relationship>
	</object>
	<object class="GameParameter" id="{2fc60092-6edb-4495-a7ac-a944a2b2ed92}">
		<property name="parameterType">
			<value>2</value>
		</property>
		<property name="maximum">
			<value>5</value>
		</property>
		<property name="enumerationLabels">
			<value>Default</value>
			<value>Grass</value>
			<value>Gravel</value>
			<value>Water</value>
			<value>Wood</value>
		</property>
		<property name="initialValue">
			<value>1</value>
		</property>
	</object>
</objects>
